{
    "name": "SQLServerConnection",
    "type": "Microsoft.Synapse/workspaces/linkedservices",
    "properties": {
        "parameters": {
            "logicalservername": {
                "type": "string",
                "defaultValue": "adventureaorkserver.database.windows.net"
            },
            "databasename": {
                "type": "string",
                "defaultValue": "AdventureWorks2014"
            }
        },
        "annotations": [],
        "type": "AzureSqlDatabase",
        "typeProperties": {
            "connectionString": "Integrated Security=False;Encrypt=True;Connection Timeout=30;Data Source=@{linkedService().logicalservername};Initial Catalog=@{linkedService().databasename}"
        },
        "connectVia": {
            "referenceName": "AutoResolveIntegrationRuntime",
            "type": "IntegrationRuntimeReference"
        }
    }
}