{
    "name": "Pipeline_MoveDataBaseToDataLake",
    "properties": {
        "activities": [
            {
                "name": "GetOnPremises",
                "type": "Lookup",
                "dependsOn": [],
                "policy": {
                    "timeout": "0.12:00:00",
                    "retry": 0,
                    "retryIntervalInSeconds": 30,
                    "secureOutput": false,
                    "secureInput": false
                },
                "userProperties": [],
                "typeProperties": {
                    "source": {
                        "type": "AzureSqlSource",
                        "sqlReaderQuery": "SELECT \nQUOTENAME(t.name) as TableName,\nQUOTENAME(SCHEMA_NAME(t.schema_id)) as SchemaName\nFROM sys.tables t",
                        "queryTimeout": "02:00:00",
                        "partitionOption": "None"
                    },
                    "dataset": {
                        "referenceName": "GenericTableFromSQL",
                        "type": "DatasetReference",
                        "parameters": {
                            "logicalservername": {
                                "value": "@pipeline().parameters.logicalservername",
                                "type": "Expression"
                            },
                            "databasename": {
                                "value": "@pipeline().parameters.databasename",
                                "type": "Expression"
                            }
                        }
                    },
                    "firstRowOnly": false
                }
            },
            {
                "name": "LoopAllTables",
                "type": "ForEach",
                "dependsOn": [
                    {
                        "activity": "GetOnPremises",
                        "dependencyConditions": [
                            "Succeeded"
                        ]
                    }
                ],
                "userProperties": [],
                "typeProperties": {
                    "items": {
                        "value": "@activity('GetOnPremises').output.value",
                        "type": "Expression"
                    },
                    "isSequential": false,
                    "activities": [
                        {
                            "name": "Onpremises",
                            "type": "Copy",
                            "dependsOn": [],
                            "policy": {
                                "timeout": "0.12:00:00",
                                "retry": 0,
                                "retryIntervalInSeconds": 30,
                                "secureOutput": false,
                                "secureInput": false
                            },
                            "userProperties": [],
                            "typeProperties": {
                                "source": {
                                    "type": "AzureSqlSource",
                                    "sqlReaderQuery": {
                                        "value": "@concat('SELECT*FROM',item().SchemaName,'.',item().Tablename)",
                                        "type": "Expression"
                                    },
                                    "queryTimeout": "02:00:00",
                                    "partitionOption": "None"
                                },
                                "sink": {
                                    "type": "ParquetSink",
                                    "storeSettings": {
                                        "type": "AzureBlobFSWriteSettings"
                                    },
                                    "formatSettings": {
                                        "type": "ParquetWriteSettings"
                                    }
                                },
                                "enableStaging": false,
                                "translator": {
                                    "type": "TabularTranslator",
                                    "typeConversion": true,
                                    "typeConversionSettings": {
                                        "allowDataTruncation": true,
                                        "treatBooleanAsNumber": false
                                    }
                                }
                            },
                            "inputs": [
                                {
                                    "referenceName": "GenericTableFromSQL",
                                    "type": "DatasetReference",
                                    "parameters": {
                                        "logicalservername": {
                                            "value": "@pipeline().parameters.logicalservername",
                                            "type": "Expression"
                                        },
                                        "databasename": {
                                            "value": "@pipeline().parameters.databasename",
                                            "type": "Expression"
                                        }
                                    }
                                }
                            ],
                            "outputs": [
                                {
                                    "referenceName": "DtaLakeDestination",
                                    "type": "DatasetReference",
                                    "parameters": {
                                        "container": {
                                            "value": "@pipeline().parameters.container",
                                            "type": "Expression"
                                        },
                                        "path": "@concat( pipeline().parameters.databasename,'/', item().SchemaName,'/', item().TableName )"
                                    }
                                }
                            ]
                        }
                    ]
                }
            }
        ],
        "parameters": {
            "logicalservername": {
                "type": "string",
                "defaultValue": "adventureaorkserver.database.windows.net"
            },
            "databasename": {
                "type": "string",
                "defaultValue": "AdventureWorks2014"
            },
            "container": {
                "type": "string",
                "defaultValue": "adventureworks2014"
            }
        },
        "folder": {
            "name": "MoveDataBaseToDataLake"
        },
        "annotations": [],
        "lastPublishTime": "2023-08-31T12:10:30Z"
    },
    "type": "Microsoft.Synapse/workspaces/pipelines"
}