{
    "now": "2023-09-17T15:58:48.956Z",
    "perfNow": 2946092.400000006,
    "diagnosticCorrelation": "3ec3ff64-afdb-4c16-9df4-d530d7183f84",
    "source": "DownloadSupportFiles",
    "environment": {
        "productName": "a365",
        "buildVersion": "23.0906.08",
        "environmentType": 9,
        "resourceName": "synapse-course-ws13",
        "resourceRegion": "southcentralus",
        "resourceGroup": "synapse-course-rg",
        "subscriptionId": "77a69998-fb0e-4b4d-85e0-bbd34e5719ae",
        "sessionId": "+QcOD",
        "operationId": "LCaI4",
        "gitType": "live",
        "loggingKey": false
    },
    "additionalInfo": {
        "selectedResource": "Pipeline_MoveDataBaseToDataLake",
        "selectedResourceType": "pipeline"
    }
}