{
    "name": "DtaLakeDestination",
    "properties": {
        "linkedServiceName": {
            "referenceName": "synapse-course-ws13-WorkspaceDefaultStorage",
            "type": "LinkedServiceReference"
        },
        "parameters": {
            "container": {
                "type": "string"
            },
            "path": {
                "type": "string"
            }
        },
        "folder": {
            "name": "Adventureworks2014"
        },
        "annotations": [],
        "type": "Parquet",
        "typeProperties": {
            "location": {
                "type": "AzureBlobFSLocation",
                "folderPath": {
                    "value": "@dataset().path",
                    "type": "Expression"
                },
                "fileSystem": {
                    "value": "@dataset().container",
                    "type": "Expression"
                }
            },
            "compressionCodec": "snappy"
        },
        "schema": []
    },
    "type": "Microsoft.Synapse/workspaces/datasets"
}