{
    "name": "GenericTableFromSQL",
    "properties": {
        "linkedServiceName": {
            "referenceName": "SQLServerConnection",
            "type": "LinkedServiceReference",
            "parameters": {
                "logicalservername": {
                    "value": "@dataset().logicalservername",
                    "type": "Expression"
                },
                "databasename": {
                    "value": "@dataset().databasename",
                    "type": "Expression"
                }
            }
        },
        "parameters": {
            "logicalservername": {
                "type": "string"
            },
            "databasename": {
                "type": "string"
            }
        },
        "folder": {
            "name": "Adventureworks2014"
        },
        "annotations": [],
        "type": "AzureSqlTable",
        "schema": []
    },
    "type": "Microsoft.Synapse/workspaces/datasets"
}